trade_date,close,pe,pe_ttm,pb,ps,ps_ttm,dv_ratio,dv_ttm,turnover_rate,volume_ratio,total_share,float_share,free_share,total_mv,circ_mv
20250701,6.12,61.9409,54.9123,1.6984,0.946,0.919,0.4252,0.4252,0.5179,0.96,116572.23,116222.37,42964.8044,713422.0476,711280.9044
20250702,6.41,64.876,57.5143,1.7789,0.9909,0.9625,0.4059,0.4059,3.3907,6.29,116572.23,116222.37,42964.8044,747227.9943,744985.3917
20250703,6.28,63.5602,56.3479,1.7428,0.9708,0.943,0.4143,0.4143,1.557,1.4,116572.23,116222.37,42964.8044,732073.6044,729876.4836
20250704,6.28,63.5602,56.3479,1.7428,0.9708,0.943,0.4143,0.4143,1.1358,0.87,116572.23,116222.37,42964.8044,732073.6044,729876.4836
20250707,6.35,64.2687,56.976,1.779,0.9816,0.9535,0.4098,0.5358,1.0666,0.75,116572.23,116222.37,42964.8044,740233.6605,738012.0495
20250708,6.6,66.799,59.2191,1.8491,1.0202,0.991,0.3942,0.5155,3.8754,2.53,116572.23,116222.37,42964.8044,769376.718,767067.642
20250709,6.54,66.1917,58.6808,1.8323,1.011,0.982,0.3979,0.5203,2.6982,1.22,116572.23,116222.37,42964.8044,762382.3842,760094.2998
20250710,6.77,68.5195,60.7445,1.8967,1.0465,1.0166,0.3843,0.5026,3.2634,1.58,116572.23,116222.37,42964.8044,789193.9971,786825.4449
20250711,6.64,67.2038,59.578,1.8603,1.0264,0.9971,0.3919,0.5124,2.0244,0.84,116572.23,116222.37,42964.8044,774039.6072,771716.5368
20250714,6.63,67.1026,59.4883,1.8575,1.0249,0.9956,0.3925,0.5132,1.0338,0.4,116572.23,116222.37,42964.8044,772873.8849,770554.3131
20250715,6.47,65.4832,58.0527,1.8127,1.0001,0.9715,0.4022,0.5259,1.5729,0.61,116572.23,116222.37,42964.8044,754222.3281,751958.7339
20250716,6.4,64.7748,57.4246,1.7931,0.9893,0.961,0.4066,0.5316,0.9923,0.47,116572.23,116222.37,42964.8044,746062.272,743823.168
20250717,6.4,64.7748,57.4246,1.7931,0.9893,0.961,0.4066,0.5316,0.7836,0.44,116572.23,116222.37,42964.8044,746062.272,743823.168
20250718,6.45,65.2808,57.8732,1.8071,0.997,0.9685,0.4034,0.5275,0.7544,0.59,116572.23,116222.37,42964.8044,751890.8835,749634.2865
20250721,6.72,68.0135,60.2958,1.8827,1.0388,1.0091,0.3872,0.5063,2.3896,2.33,116572.23,116222.37,42964.8044,783365.3856,781014.3264
20250722,6.81,68.9244,61.1034,1.9079,1.0527,1.0226,0.3821,0.4996,2.1411,1.65,116572.23,116222.37,42964.8044,793856.8863,791474.3397
20250723,6.69,67.7099,60.0267,1.8743,1.0341,1.0046,0.3889,0.5086,2.0444,1.45,116572.23,116222.37,42964.8044,779868.2187,777527.6553
20250724,6.7,67.8111,60.1164,1.8771,1.0357,1.0061,0.3884,0.5078,1.2876,0.79,116572.23,116222.37,42964.8044,781033.941,778689.879
20250725,6.61,66.9002,59.3088,1.8519,1.0218,0.9925,0.3936,0.5148,1.0884,0.63,116572.23,116222.37,42964.8044,770542.4403,768229.8657
20250728,6.6,66.799,59.2191,1.8491,1.0202,0.991,0.3942,0.5155,0.6486,0.36,116572.23,116222.37,42964.8044,769376.718,767067.642
20250729,6.58,66.5965,59.0397,1.8435,1.0171,0.988,0.3954,0.5171,0.768,0.53,116572.23,116222.37,42964.8044,767045.2734,764743.1946
20250730,6.52,65.9893,58.5013,1.8267,1.0079,0.979,0.3991,0.5219,0.6574,0.56,116572.23,116222.37,42964.8044,760050.9396,757769.8524
20250731,6.44,65.1796,57.7835,1.8043,0.9955,0.967,0.404,0.5283,0.7768,0.87,116572.23,116222.37,42964.8044,750725.1612,748472.0628
20250801,6.44,65.1796,57.7835,1.8043,0.9955,0.967,0.404,0.5283,0.6219,0.79,116572.23,116222.37,42964.8044,750725.1612,748472.0628
20250804,6.49,65.6856,58.2321,1.8183,1.0032,0.9745,0.4009,0.5243,0.5382,0.77,116572.23,116222.37,42964.8044,756553.7727,754283.1813
20250805,6.54,66.1917,58.6808,1.8323,1.011,0.982,0.3979,0.5203,0.5316,0.79,116572.23,116222.37,42964.8044,762382.3842,760094.2998
20250806,6.58,66.5965,59.0397,1.8435,1.0171,0.988,0.3954,0.5171,0.6853,1.1,116572.23,116222.37,42964.8044,767045.2734,764743.1946
20250807,6.55,66.2929,58.7705,1.8351,1.0125,0.9835,0.3972,0.5195,0.4889,0.78,116572.23,116222.37,42964.8044,763548.1065,761256.5235
20250808,6.61,66.9002,59.3088,1.8519,1.0218,0.9925,0.3936,0.5148,0.7782,1.36,116572.23,116222.37,42964.8044,770542.4403,768229.8657
20250811,6.66,67.4062,59.7575,1.8659,1.0295,1.0001,0.3907,0.5109,0.9112,1.51,116572.23,116222.37,42964.8044,776371.0518,774040.9842
20250812,6.67,67.5074,59.8472,1.8687,1.0311,1.0016,0.3901,0.5101,0.7253,1.07,116572.23,116222.37,42964.8044,777536.7741,775203.2079
20250813,6.79,68.722,60.9239,1.9023,1.0496,1.0196,0.3832,0.5011,1.5736,2.19,116572.23,116222.37,42964.8044,791525.4417,789149.8923
20250814,6.72,68.0135,60.2958,1.8827,1.0388,1.0091,0.3872,0.5063,1.6211,1.81,116572.23,116222.37,42964.8044,783365.3856,781014.3264
20250815,6.77,68.5195,60.7445,1.8967,1.0465,1.0166,0.3843,0.5026,1.15,1.03,116572.23,116222.37,42964.8044,789193.9971,786825.4449
20250818,6.77,68.5195,60.7445,1.8967,1.0465,1.0166,0.3843,0.5026,1.1338,0.95,116572.23,116222.37,42964.8044,789193.9971,786825.4449
20250819,6.75,68.3171,60.565,1.8911,1.0434,1.0136,0.3855,0.5041,0.9076,0.73,116572.23,116222.37,42964.8044,786862.5525,784500.9975
20250820,6.78,68.6208,60.8342,1.8995,1.0481,1.0181,0.3838,0.5019,0.7625,0.6,116572.23,116222.37,42964.8044,790359.7194,787987.6686
20250821,6.76,68.4183,60.6547,1.8939,1.045,1.0151,0.3849,0.5033,0.8003,0.72,116572.23,116222.37,42964.8044,788028.2748,785663.2212
20250822,6.8,68.8232,61.0136,1.9051,1.0511,1.0211,0.3826,0.5004,0.8712,0.92,116572.23,116222.37,42964.8044,792691.164,790312.116
20250825,7.01,70.9486,61.6776,1.9018,1.0836,0.9651,0.3712,0.4854,3.0299,3.39,116572.23,116222.37,42921.6044,817171.3323,814718.8137
20250826,6.96,70.4425,61.2377,1.8882,1.0759,0.9582,0.3738,0.4889,1.5685,1.23,116572.23,116222.37,42921.6044,811342.7208,808907.6952
20250827,6.76,68.4183,59.478,1.834,1.045,0.9307,0.3849,0.5033,1.6631,1.18,116572.23,116222.37,42921.6044,788028.2748,785663.2212
20250828,6.79,68.722,59.742,1.8421,1.0496,0.9348,0.3832,0.5011,1.5648,0.99,116572.23,116222.37,42921.6044,791525.4417,789149.8923
20250829,6.9,69.8353,60.7098,1.8719,1.0666,0.95,0.3771,0.4931,1.4297,0.82,116572.23,116222.37,42921.6044,804348.387,801934.353
20250901,6.81,68.9244,59.9179,1.8475,1.0527,0.9376,0.3821,0.4996,1.0984,0.59,116572.23,116222.37,42921.6044,793856.8863,791474.3397
20250902,6.94,70.2401,61.0617,1.8828,1.0728,0.9555,0.3749,0.4903,2.208,1.51,116572.23,116222.37,42921.6044,809011.2762,806583.2478
20250903,7.27,73.5801,63.9653,1.9723,1.1238,1.0009,0.3579,0.468,6.6021,4.14,116572.23,116222.37,42921.6044,847480.1121,844936.6299
20250904,7.12,72.0619,62.6455,1.9316,1.1006,0.9802,0.3654,0.4779,4.8227,1.87,116572.23,116222.37,42921.6044,829994.2776,827503.2744
20250905,7.27,73.5801,63.9653,1.9723,1.1238,1.0009,0.3579,0.468,3.6469,1.13,116572.23,116222.37,42921.6044,847480.1121,844936.6299
20250908,7.68,77.7297,67.5727,2.0835,1.1872,1.0573,0.3388,0.443,5.3588,1.46,116572.23,116222.37,42921.6044,895274.7264,892587.8016
20250909,7.66,77.5273,67.3967,2.0781,1.1841,1.0546,0.3397,0.4442,3.7909,0.84,116572.23,116222.37,42921.6044,892943.2818,890263.3542
20250910,7.38,74.6934,64.9331,2.0022,1.1408,1.016,0.3526,0.4611,2.6856,0.55,116572.23,116222.37,42921.6044,860303.0574,857721.0906
20250911,7.38,74.6934,64.9331,2.0022,1.1408,1.016,0.3526,0.4611,2.1855,0.54,116572.23,116222.37,42921.6044,860303.0574,857721.0906
20250912,7.26,73.4789,63.8773,1.9696,1.1223,0.9995,0.3584,0.4687,2.4165,0.68,116572.23,116222.37,42921.6044,846314.3898,843774.4062
20250915,7.3,73.8837,64.2292,1.9805,1.1284,1.005,0.3564,0.4661,1.2415,0.38,116572.23,116222.37,42921.6044,850977.279,848423.301
20250916,7.15,72.3655,62.9094,1.9398,1.1052,0.9844,0.3639,0.4759,1.5844,0.64,116572.23,116222.37,42921.6044,833491.4445,830989.9455
20250917,7.22,73.074,63.5253,1.9588,1.1161,0.994,0.3604,0.4713,0.991,0.49,116572.23,116222.37,42921.6044,841651.5006,839125.5114
20250918,7.03,71.151,61.8536,1.9072,1.0867,0.9678,0.3701,0.484,1.9626,1.17,116572.23,116222.37,42921.6044,819502.7769,817043.2611
20250919,6.94,70.2401,61.0617,1.8828,1.0728,0.9555,0.3749,0.4903,1.1522,0.7,116572.23,116222.37,42921.6044,809011.2762,806583.2478
20250922,6.93,70.1389,60.9738,1.8801,1.0712,0.9541,0.3755,0.491,0.7491,0.54,116572.23,116222.37,42921.6044,807845.5539,805421.0241
20250923,6.86,69.4304,60.3579,1.8611,1.0604,0.9444,0.3793,0.496,1.1523,0.89,116572.23,116222.37,42921.6044,799685.4978,797285.4582
20250924,6.91,69.9365,60.7978,1.8747,1.0681,0.9513,0.3765,0.4924,0.6891,0.57,116572.23,116222.37,42921.6044,805514.1093,803096.5767
20250925,6.83,69.1268,60.0939,1.8529,1.0558,0.9403,0.381,0.4982,0.8157,0.71,116572.23,116222.37,42921.6044,796188.3309,793798.7871
20250926,6.94,70.2401,61.0617,1.8828,1.0728,0.9555,0.3749,0.4903,1.1534,1.27,116572.23,116222.37,42921.6044,809011.2762,806583.2478
20250929,7.23,73.1752,63.6133,1.9615,1.1176,0.9954,0.3599,0.4706,2.1527,2.36,116572.23,116222.37,42921.6044,842817.2229,840287.7351
20250930,7.18,72.6692,63.1734,1.9479,1.1099,0.9885,0.3624,0.4739,1.3499,1.13,116572.23,116222.37,42921.6044,836988.6114,834476.6166
20251009,7.15,72.3655,62.9094,1.9398,1.1052,0.9844,0.3639,0.4759,1.1905,0.97,116572.23,116222.37,42921.6044,833491.4445,830989.9455
20251010,7.3,73.8837,64.2292,1.9805,1.1284,1.005,0.3564,0.4661,1.6948,1.27,116572.23,116222.37,42921.6044,850977.279,848423.301
20251013,7.29,73.7825,64.1412,1.9777,1.1269,1.0036,0.3569,0.4667,1.695,1.12,116572.23,116222.37,42921.6044,849811.5567,847261.0773
20251014,7.41,74.997,65.1971,2.0103,1.1454,1.0202,0.3511,0.4592,3.3537,2.07,116572.23,116222.37,42921.6044,863800.2243,861207.7617
20251015,7.77,78.6406,68.3645,2.108,1.2011,1.0697,0.3349,0.4379,3.7444,2.02,116572.23,116222.37,42921.6044,905766.2271,903047.8149
20251016,7.44,75.3006,65.461,2.0184,1.1501,1.0243,0.3497,0.4573,2.422,1.04,116572.23,116222.37,42921.6044,867297.3912,864694.4328
20251017,7.19,72.7704,63.2614,1.9506,1.1114,0.9899,0.3619,0.4732,1.7764,0.69,116572.23,116222.37,42921.6044,838154.3337,835638.8403
20251020,7.33,74.1873,64.4932,1.9886,1.1331,1.0092,0.355,0.4642,1.1245,0.43,116572.23,116222.37,42921.6044,854474.4459,851909.9721
20251021,7.61,77.0212,66.9568,2.0646,1.1764,1.0477,0.3419,0.4471,2.0572,0.83,116572.23,116222.37,42921.6044,887114.6703,884452.2357
20251022,7.52,76.1103,66.1649,2.0401,1.1624,1.0353,0.346,0.4525,1.1089,0.5,116572.23,116222.37,42921.6044,876623.1696,873992.2224
20251023,7.56,76.5152,66.5168,2.051,1.1686,1.0408,0.3442,0.4501,1.1854,0.7,116572.23,116222.37,42921.6044,881286.0588,878641.1172
20251024,7.5,75.9079,65.9889,2.0347,1.1594,1.0326,0.3469,0.4537,1.0805,0.74,116572.23,116222.37,42921.6044,874291.725,871667.775
20251027,7.67,77.6285,67.4847,2.0808,1.1856,1.056,0.3392,0.4436,1.5652,1.19,116572.23,116222.37,42921.6044,894109.0041,891425.5779
20251028,7.6,76.92,66.8688,2.0618,1.1748,1.0463,0.3424,0.4477,1.2684,0.91,116572.23,116222.37,42921.6044,885948.948,883290.012
20251029,7.58,76.7176,66.6928,2.0564,1.1717,1.0436,0.3433,0.4489,1.5439,1.24,116572.23,116222.37,42921.6044,883617.5034,880965.5646
20251030,7.66,77.5273,67.3967,2.0781,1.1841,1.0546,0.3397,0.4442,1.9807,1.49,116572.23,116222.37,42921.6044,892943.2818,890263.3542
20251031,7.42,75.0982,67.7648,1.9824,1.147,0.9454,0.3507,0.4586,1.8981,1.28,116572.23,116222.37,42921.6044,864965.9466,862369.9854
20251103,7.47,75.6043,68.2214,1.9958,1.1547,0.9518,0.3483,0.4555,1.54,0.93,116572.23,116222.37,42921.6044,870794.5581,868181.1039
20251104,7.57,76.6164,69.1347,2.0225,1.1702,0.9645,0.3437,0.4495,1.5145,0.92,116572.23,116222.37,42921.6044,882451.7811,879803.3409
20251105,7.76,78.5394,70.8699,2.0733,1.1995,0.9887,0.3353,0.4385,3.0954,1.83,116572.23,116222.37,42921.6044,904600.5048,901885.5912
20251106,7.79,78.843,71.1439,2.0813,1.2042,0.9925,0.334,0.4368,2.7385,1.37,116572.23,116222.37,42921.6044,908097.6717,905372.2623
20251107,7.72,78.1345,70.5046,2.0626,1.1934,0.9836,0.337,0.4407,1.7132,0.79,116572.23,116222.37,42921.6044,899937.6156,897236.6964
20251110,8.49,85.9278,77.5368,2.2683,1.3124,1.0817,0.3065,0.4008,3.3828,1.6,116572.23,116222.37,42921.6044,989698.2327,986727.9213
20251111,8.33,84.3084,76.0756,2.2256,1.2877,1.0613,0.3124,0.4085,8.522,3.42,116572.23,116222.37,42921.6044,971046.6759,968132.3421
20251112,7.99,80.8672,72.9704,2.1347,1.2351,1.018,0.3257,0.4259,4.888,1.26,116572.23,116222.37,42921.6044,931412.1177,928616.7363
20251113,8.21,83.0939,74.9796,2.1935,1.2691,1.0461,0.3169,0.4144,5.7718,1.36,116572.23,116222.37,42921.6044,957058.0083,954185.6577
20251114,8.02,81.1709,73.2444,2.1427,1.2397,1.0218,0.3244,0.4243,3.1844,0.66,116572.23,116222.37,42921.6044,934909.2846,932103.4074
20251117,7.76,78.5394,70.8699,2.0733,1.1995,0.9887,0.3353,0.4385,3.1809,0.62,116572.23,116222.37,42921.6044,904600.5048,901885.5912
20251118,7.42,75.0982,67.7648,1.9824,1.147,0.9454,0.3507,0.4586,2.4813,0.49,116572.23,116222.37,42921.6044,864965.9466,862369.9854
20251119,7.59,76.8188,69.3174,2.0278,1.1733,0.9671,0.3428,0.4483,3.0529,0.78,116572.23,116222.37,42921.6044,884783.2257,882127.7883
20251120,7.57,76.6164,69.1347,2.0225,1.1702,0.9645,0.3437,0.4495,1.9077,0.54,116572.23,116222.37,42921.6044,882451.7811,879803.3409
20251121,7.15,72.3655,65.299,1.9103,1.1052,0.911,0.3639,0.4759,2.2001,0.8,116572.23,116222.37,42921.6044,833491.4445,830989.9455
20251124,7.17,72.568,65.4816,1.9156,1.1083,0.9135,0.3629,0.4746,1.6655,0.65,116572.23,116222.37,42921.6044,835822.8891,833314.3929
20251125,7.29,73.7825,66.5775,1.9477,1.1269,0.9288,0.3569,0.4667,1.5337,0.68,116572.23,116222.37,42921.6044,849811.5567,847261.0773
20251126,7.28,73.6813,66.4862,1.945,1.1253,0.9276,0.3574,0.4674,1.1168,0.54,116572.23,116222.37,42921.6044,848645.8344,846098.8536
20251127,7.22,73.074,65.9382,1.929,1.1161,0.9199,0.3604,0.4713,0.7313,0.43,116572.23,116222.37,42921.6044,841651.5006,839125.5114
20251128,7.54,76.3128,68.8607,2.0145,1.1655,0.9607,0.3451,0.4513,2.48,1.71,116572.23,116222.37,42921.6044,878954.6142,876316.6698
20251201,7.77,78.6406,70.9612,2.0759,1.2011,0.99,0.3349,0.4379,2.6563,1.76,116572.23,116222.37,42921.6044,905766.2271,903047.8149
20251202,7.69,77.8309,70.2306,2.0546,1.1887,0.9798,0.3384,0.4425,1.1217,0.66,116572.23,116222.37,42921.6044,896440.4487,893750.0253
20251203,7.75,78.4382,70.7786,2.0706,1.198,0.9874,0.3357,0.439,1.4143,0.87,116572.23,116222.37,42921.6044,903434.7825,900723.3675
20251204,7.61,77.0212,69.5,2.0332,1.1764,0.9696,0.3419,0.4471,0.8605,0.51,116572.23,116222.37,42921.6044,887114.6703,884452.2357
20251205,7.78,78.7418,71.0526,2.0786,1.2026,0.9913,0.3344,0.4373,1.019,0.6,116572.23,116222.37,42921.6044,906931.9494,904210.0386
20251208,7.78,78.7418,71.0526,2.0786,1.2026,0.9913,0.3344,0.4373,1.3264,0.94,116572.23,116222.37,42921.6044,906931.9494,904210.0386
20251209,7.8,78.9442,71.2352,2.084,1.2057,0.9938,0.3336,0.4362,1.1784,1.03,116572.23,116222.37,42921.6044,909263.394,906534.486
20251210,7.78,78.7418,71.0526,2.0786,1.2026,0.9913,0.3344,0.4373,0.9462,0.82,116572.23,116222.37,42921.6044,906931.9494,904210.0386
20251211,7.88,79.7539,71.9658,2.1053,1.2181,1.004,0.3302,0.4318,1.9357,1.82,116572.23,116222.37,42921.6044,918589.1724,915832.2756
20251212,8.0,80.9684,73.0618,2.1374,1.2366,1.0193,0.3252,0.4253,1.5508,1.21,116572.23,116222.37,42921.6044,932577.84,929778.96
20251215,8.23,83.2963,75.1623,2.1988,1.2722,1.0486,0.3162,0.4134,2.6292,1.89,116572.23,116222.37,42921.6044,959389.4529,956510.1051
20251216,7.9,79.9563,72.1485,2.1107,1.2212,1.0066,0.3294,0.4307,1.9233,1.17,116572.23,116222.37,42921.6044,920920.617,918156.723
20251217,7.91,80.0575,72.2398,2.1133,1.2227,1.0078,0.3289,0.4302,1.3158,0.73,116572.23,116222.37,42921.6044,922086.3393,919318.9467
20251218,7.87,79.6527,71.8745,2.1027,1.2165,1.0027,0.3306,0.4323,1.3466,0.72,116572.23,116222.37,42921.6044,917423.4501,914670.0519
20251219,7.88,79.7539,71.9658,2.1053,1.2181,1.004,0.3302,0.4318,1.5779,0.9,116572.23,116222.37,42921.6044,918589.1724,915832.2756
20251222,8.01,81.0696,73.1531,2.1401,1.2382,1.0206,0.3248,0.4248,1.4156,0.8,116572.23,116222.37,42921.6044,933743.5623,930941.1837
20251223,7.86,79.5515,71.7832,2.1,1.215,1.0015,0.331,0.4329,0.9582,0.63,116572.23,116222.37,42921.6044,916257.7278,913507.8282
20251224,7.93,80.26,72.4225,2.1187,1.2258,1.0104,0.3281,0.4291,0.9116,0.69,116572.23,116222.37,42921.6044,924417.7839,921643.3941
20251225,8.01,81.0696,73.1531,2.1401,1.2382,1.0206,0.3248,0.4248,1.2733,1.03,116572.23,116222.37,42921.6044,933743.5623,930941.1837
20251226,8.05,81.4745,73.5184,2.1507,1.2444,1.0257,0.3232,0.4227,2.0808,1.7,116572.23,116222.37,42921.6044,938406.4515,935590.0785
20251229,8.16,82.5878,74.523,2.1801,1.2614,1.0397,0.3189,0.417,2.1016,1.58,116572.23,116222.37,42921.6044,951229.3968,948374.5392
20251230,7.95,80.2209,72.3872,2.1217,1.2252,1.0099,0.3283,0.4293,1.4651,1.0,116222.37,116222.37,42921.6044,923967.8415,923967.8415
20251231,7.84,79.1109,71.3856,2.0923,1.2083,0.9959,0.3329,0.4353,1.4308,0.91,116222.37,116222.37,42921.6044,911183.3808,911183.3808
20260105,7.86,79.3127,71.5678,2.0977,1.2114,0.9985,0.4342,0.4342,1.4154,0.85,116222.37,116222.37,42921.6044,913507.8282,913507.8282
20260106,8.15,82.239,74.2083,2.1751,1.256,1.0353,0.4187,0.4187,2.1438,1.26,116222.37,116222.37,42921.6044,947212.3155,947212.3155
20260107,8.2,82.7436,74.6636,2.1884,1.2638,1.0416,0.4162,0.4162,1.9087,1.12,116222.37,116222.37,42921.6044,953023.434,953023.434
20260108,8.36,84.3581,76.1204,2.2311,1.2884,1.062,0.4082,0.4082,2.2386,1.34,116222.37,116222.37,42921.6044,971619.0132,971619.0132
20260109,8.93,90.1098,81.3104,2.3832,1.3763,1.1344,0.3822,0.3822,7.3076,4.0,116222.37,116222.37,42921.6044,1037865.7641,1037865.7641
20260112,8.84,89.2016,80.491,2.3592,1.3624,1.1229,0.3861,0.3861,4.6567,1.55,116222.37,116222.37,42921.6044,1027405.7508,1027405.7508
20260113,9.02,91.0179,82.1299,2.4072,1.3901,1.1458,0.3784,0.3784,4.2962,1.18,116222.37,116222.37,42921.6044,1048325.7774,1048325.7774
20260114,8.92,90.0089,81.2194,2.3806,1.3747,1.1331,0.3826,0.3826,3.3138,0.81,116222.37,116222.37,42921.6044,1036703.5404,1036703.5404
20260115,8.74,88.1925,79.5804,2.3325,1.347,1.1102,0.3905,0.3905,2.129,0.49,116222.37,116222.37,42921.6044,1015783.5138,1015783.5138
20260116,8.73,88.0916,79.4894,2.3299,1.3454,1.109,0.3909,0.3909,1.7179,0.4,116222.37,116222.37,42921.6044,1014621.2901,1014621.2901
20260119,9.07,91.5225,82.5852,2.4206,1.3978,1.1522,0.3763,0.3763,3.4335,1.07,116222.37,116222.37,42921.6044,1054136.8959,1054136.8959
20260120,8.96,90.4125,81.5836,2.3912,1.3809,1.1382,0.3809,0.3809,1.7435,0.59,116222.37,116222.37,42921.6044,1041352.4352,1041352.4352
20260121,9.4,94.8524,85.5899,2.5087,1.4487,1.1941,0.3631,0.3631,4.2969,1.74,116222.37,116222.37,42921.6044,1092490.278,1092490.278
20260122,9.33,94.146,84.9526,2.49,1.4379,1.1852,0.3658,0.3658,3.107,1.17,116222.37,116222.37,42921.6044,1084354.7121,1084354.7121
20260123,9.65,97.3751,87.8663,2.5754,1.4872,1.2258,0.3537,0.3537,4.1843,1.46,116222.37,116222.37,42921.6044,1121545.8705,1121545.8705
20260126,10.62,107.163,96.6984,2.8343,1.6367,1.3491,0.3214,0.3214,6.3406,1.89,116222.37,116222.37,42921.6044,1234281.5694,1234281.5694
20260127,11.4,115.0337,103.8006,3.0424,1.7569,1.4481,0.2994,0.2994,12.3336,3.13,116222.37,116222.37,42921.6044,1324935.018,1324935.018
20260128,10.92,110.1902,99.43,2.9143,1.6829,1.3872,0.3125,0.3125,7.3991,1.22,116222.37,116222.37,42921.6044,1269148.2804,1269148.2804
20260129,10.49,105.8512,95.5147,2.7996,1.6167,1.3325,0.3253,0.3253,5.1246,0.77,116222.37,116222.37,42921.6044,1219172.6613,1219172.6613
20260130,11.21,113.1165,102.0705,2.9917,1.7276,1.424,0.3044,0.3044,8.1986,1.16,116222.37,116222.37,42921.6044,1302852.7677,1302852.7677
20260202,10.7,107.9703,97.4268,2.8556,1.649,1.3592,0.319,0.319,5.9285,0.75,116222.37,116222.37,42921.6044,1243579.359,1243579.359
20260203,11.57,116.7492,105.3485,3.0878,1.7831,1.4697,0.295,0.295,7.4741,0.96,116222.37,116222.37,42921.6044,1344692.8209,1344692.8209
20260204,12.73,128.4543,115.9106,3.3974,1.9619,1.6171,0.2681,0.2681,12.4054,1.82,116222.37,116222.37,42921.6044,1479510.7701,1479510.7701
20260205,11.46,115.6392,104.3469,3.0584,1.7662,1.4558,0.2978,0.2978,10.6126,1.36,116222.37,116222.37,42921.6044,1331908.3602,1331908.3602
20260206,10.98,110.7957,99.9763,2.9303,1.6922,1.3948,0.3108,0.3108,7.01,0.79,116222.37,116222.37,42921.6044,1276121.6226,1276121.6226
20260209,11.04,111.4011,100.5226,2.9463,1.7014,1.4024,0.3091,0.3091,5.3589,0.62,116222.37,116222.37,42921.6044,1283094.9648,1283094.9648
20260210,10.72,108.1721,97.6089,2.8609,1.6521,1.3618,0.3184,0.3184,5.5215,0.64,116222.37,116222.37,42921.6044,1245903.8064,1245903.8064
20260211,10.37,104.6403,94.4221,2.7675,1.5982,1.3173,0.3291,0.3291,4.224,0.52,116222.37,116222.37,42921.6044,1205225.9769,1205225.9769
20260212,10.85,109.4839,98.7926,2.8956,1.6722,1.3783,0.3145,0.3145,5.15,0.79,116222.37,116222.37,42921.6044,1261012.7145,1261012.7145
20260213,10.69,107.8694,97.3358,2.8529,1.6475,1.358,0.3193,0.3193,3.0815,0.57,116222.37,116222.37,42921.6044,1242417.1353,1242417.1353
20260224,11.5,116.0428,104.7111,3.0691,1.7723,1.4608,0.2968,0.2968,5.6149,1.2,116222.37,116222.37,42921.6044,1336557.255,1336557.255
20260225,11.49,115.9419,104.62,3.0664,1.7708,1.4596,0.297,0.297,4.3448,0.92,116222.37,116222.37,42921.6044,1335395.0313,1335395.0313
20260226,11.59,116.951,105.5306,3.0931,1.7862,1.4723,0.2945,0.2945,3.2962,0.74,116222.37,116222.37,42921.6044,1347017.2683,1347017.2683
20260227,12.45,125.629,113.3611,3.3226,1.9187,1.5815,0.2741,0.2741,6.3359,1.47,116222.37,116222.37,42921.6044,1446968.5065,1446968.5065
20260302,11.92,120.2809,108.5353,3.1812,1.8371,1.5142,0.2863,0.2863,4.8921,1.08,116222.37,116222.37,42921.6044,1385370.6504,1385370.6504
20260303,10.82,109.1811,98.5195,2.8876,1.6675,1.3745,0.3154,0.3154,5.0143,1.02,116222.37,116222.37,42921.6044,1257526.0434,1257526.0434
20260304,11.06,111.6029,100.7047,2.9517,1.7045,1.405,0.3086,0.3086,4.7847,1.0,116222.37,116222.37,42921.6044,1285419.4122,1285419.4122
20260305,11.82,119.2718,107.6248,3.1545,1.8217,1.5015,0.2887,0.2887,7.8004,1.6,116222.37,116222.37,42921.6044,1373748.4134,1373748.4134
20260306,11.44,115.4374,104.1648,3.0531,1.7631,1.4532,0.2983,0.2983,6.2504,1.08,116222.37,116222.37,42921.6044,1329583.9128,1329583.9128
20260309,11.2,113.0156,101.9795,2.989,1.7261,1.4227,0.3047,0.3047,4.7945,0.83,116222.37,116222.37,42921.6044,1301690.544,1301690.544
20260310,12.0,121.0881,109.2637,3.2025,1.8494,1.5244,0.2844,0.2844,8.3735,1.46,116222.37,116222.37,42921.6044,1394668.44,1394668.44
20260311,11.85,119.5745,107.8979,3.1625,1.8263,1.5053,0.288,0.288,8.1177,1.27,116222.37,116222.37,42921.6044,1377235.0845,1377235.0845
20260312,11.62,117.2537,105.8037,3.1011,1.7908,1.4761,0.2937,0.2937,5.2985,0.75,116222.37,116222.37,42921.6044,1350503.9394,1350503.9394
20260313,10.94,110.392,99.6121,2.9197,1.686,1.3897,0.312,0.312,4.9671,0.76,116222.37,116222.37,42921.6044,1271472.7278,1271472.7278
20260316,10.6,106.9612,96.5163,2.8289,1.6336,1.3465,0.322,0.322,5.327,0.84,116222.37,116222.37,42921.6044,1231957.122,1231957.122
20260317,9.92,100.0995,90.3247,2.6474,1.5288,1.2601,0.344,0.344,5.4726,0.85,116222.37,116222.37,42921.6044,1152925.9104,1152925.9104
20260318,9.73,98.1823,88.5947,2.5967,1.4996,1.236,0.3508,0.3508,3.7612,0.64,116222.37,116222.37,42921.6044,1130843.6601,1130843.6601
20260319,9.4,94.8524,85.5899,2.5087,1.4487,1.1941,0.3631,0.3631,2.6629,0.54,116222.37,116222.37,42921.6044,1092490.278,1092490.278
20260320,9.18,92.6324,83.5868,2.4499,1.4148,1.1661,0.3718,0.3718,2.2628,0.51,116222.37,116222.37,42921.6044,1066921.3566,1066921.3566
20260323,8.87,89.5043,80.7641,2.3672,1.367,1.1268,0.3848,0.3848,3.0433,0.78,116222.37,116222.37,42921.6044,1030892.4219,1030892.4219
20260324,9.76,98.485,88.8678,2.6047,1.5042,1.2398,0.3497,0.3497,4.0477,1.18,116222.37,116222.37,42921.6044,1134330.3312,1134330.3312
20260325,9.81,98.9896,89.3231,2.6181,1.5119,1.2462,0.3479,0.3479,7.4911,2.37,116222.37,116222.37,42921.6044,1140141.4497,1140141.4497
20260326,9.42,95.0542,85.772,2.514,1.4518,1.1966,0.3623,0.3623,4.734,1.21,116222.37,116222.37,42921.6044,1094814.7254,1094814.7254
20260327,9.39,94.7515,85.4989,2.506,1.4472,1.1928,0.3635,0.3635,3.0356,0.7,116222.37,116222.37,42921.6044,1091328.0543,1091328.0543
20260330,9.3,93.8433,84.6794,2.482,1.4333,1.1814,0.367,0.367,2.3989,0.54,116222.37,116222.37,42921.6044,1080868.041,1080868.041
20260331,9.07,67.265,67.265,2.3967,1.011,1.011,0.3763,0.3763,2.401,0.55,116222.37,116222.37,42921.6044,1054136.8959,1054136.8959
20260401,9.25,68.6,68.6,2.4442,1.0311,1.0311,0.369,0.369,2.2393,0.56,116222.37,116222.37,42921.6044,1075056.9225,1075056.9225
20260402,8.98,66.5976,66.5976,2.3729,1.001,1.001,0.38,0.38,2.0208,0.68,116222.37,116222.37,42921.6044,1043676.8826,1043676.8826
20260403,8.67,64.2986,64.2986,2.291,0.9665,0.9665,0.3936,0.3936,2.043,0.84,116222.37,116222.37,42921.6044,1007647.9479,1007647.9479
20260407,8.75,64.8918,64.8918,2.3121,0.9754,0.9754,0.39,0.39,1.458,0.66,116222.37,116222.37,42921.6044,1016945.7375,1016945.7375
20260408,9.32,69.1191,69.1191,2.4627,1.0389,1.0389,0.3662,0.3662,2.3514,1.16,116222.37,116222.37,42921.6044,1083192.4884,1083192.4884
20260409,9.13,67.71,67.71,2.4125,1.0177,1.0177,0.3738,0.3738,1.6329,0.81,116222.37,116222.37,42921.6044,1061110.2381,1061110.2381
20260410,9.17,68.0067,68.0067,2.4231,1.0222,1.0222,0.3722,0.3722,1.3553,0.71,116222.37,116222.37,42921.6044,1065759.1329,1065759.1329
20260413,9.32,69.1191,69.1191,2.4627,1.0389,1.0389,0.3662,0.3662,1.8291,1.03,116222.37,116222.37,42921.6044,1083192.4884,1083192.4884
20260414,9.27,68.7483,68.7483,2.4495,1.0333,1.0333,0.3682,0.3682,1.469,0.85,116222.37,116222.37,42921.6044,1077381.3699,1077381.3699
20260415,9.29,68.8966,68.8966,2.4548,1.0356,1.0356,0.3674,0.3674,2.7582,1.6,116222.37,116222.37,42921.6044,1079705.8173,1079705.8173
20260416,9.42,69.8607,69.8607,2.4891,1.0501,1.0501,0.3623,0.3623,1.9832,1.1,116222.37,116222.37,42921.6044,1094814.7254,1094814.7254
20260417,9.59,71.1215,71.1215,2.5341,1.069,1.069,0.3559,0.3559,2.4928,1.33,116222.37,116222.37,42921.6044,1114572.5283,1114572.5283
20260420,9.57,70.9731,70.9731,2.5288,1.0668,1.0668,0.3566,0.3566,2.0126,0.96,116222.37,116222.37,42921.6044,1112248.0809,1112248.0809
20260421,9.51,70.5282,70.5282,2.5129,1.0601,1.0601,0.3589,0.3589,1.3883,0.65,116222.37,116222.37,42921.6044,1105274.7387,1105274.7387
20260422,9.52,70.6023,70.6023,2.5156,1.0612,1.0612,0.3585,0.3585,1.5713,0.74,116222.37,116222.37,42921.6044,1106436.9624,1106436.9624
20260423,9.4,69.7124,69.7124,2.4839,1.0478,1.0478,0.3631,0.3631,1.5179,0.8,116222.37,116222.37,42921.6044,1092490.278,1092490.278
20260424,9.26,68.6741,68.6741,2.4469,1.0322,1.0322,0.3686,0.3686,1.2955,0.72,116222.37,116222.37,42921.6044,1076219.1462,1076219.1462
20260427,9.33,69.1932,69.1932,2.4654,1.04,1.04,0.3658,0.3658,1.6058,1.03,116222.37,116222.37,42921.6044,1084354.7121,1084354.7121
20260428,8.98,66.5976,66.5976,2.3729,1.001,1.001,0.38,0.38,1.9055,1.29,116222.37,116222.37,42921.6044,1043676.8826,1043676.8826
20260429,9.09,67.4134,56.5292,2.4298,1.0133,1.0011,0.3754,0.3754,1.3804,0.87,116222.37,116222.37,42921.6044,1056461.3433,1056461.3433
20260430,8.86,65.7076,55.0989,2.3683,0.9876,0.9757,0.3852,0.3852,1.6427,1.07,116222.37,116222.37,42921.6044,1029730.1982,1029730.1982
20260506,8.97,66.5234,55.783,2.3977,0.9999,0.9878,0.3805,0.3805,1.6892,1.08,116222.37,116222.37,42921.6044,1042514.6589,1042514.6589
20260507,9.12,67.6358,56.7158,2.4378,1.0166,1.0044,0.3742,0.3742,1.554,0.94,116222.37,116222.37,42921.6044,1059948.0144,1059948.0144
20260508,9.16,67.9325,56.9646,2.4485,1.0211,1.0088,0.3726,0.3726,1.353,0.83,116222.37,116222.37,42921.6044,1064596.9092,1064596.9092
20260511,9.17,68.0067,57.0267,2.4512,1.0222,1.0099,0.3722,0.3722,1.6969,1.11,116222.37,116222.37,42921.6044,1065759.1329,1065759.1329
20260512,9.02,66.8942,56.0939,2.4111,1.0055,0.9933,0.3784,0.3784,1.8935,1.19,116222.37,116222.37,42921.6044,1048325.7774,1048325.7774
20260513,9.3,68.9708,57.8352,2.4859,1.0367,1.0242,0.367,0.367,3.1019,1.89,116222.37,116222.37,42921.6044,1080868.041,1080868.041
20260514,8.86,65.7076,55.0989,2.3683,0.9876,0.9757,0.3852,0.3852,2.2434,1.17,116222.37,116222.37,42921.6044,1029730.1982,1029730.1982
20260515,8.63,64.0019,53.6686,2.3068,0.962,0.9504,0.3955,0.3955,2.0206,0.98,116222.37,116222.37,42921.6044,1002999.0531,1002999.0531
20260518,8.59,63.7053,53.4198,2.2961,0.9575,0.946,0.3973,0.3973,1.3087,0.6,116222.37,116222.37,42921.6044,998350.1583,998350.1583
20260519,8.74,64.8177,54.3526,2.3362,0.9743,0.9625,0.3905,0.3905,1.2984,0.61,116222.37,116222.37,42921.6044,1015783.5138,1015783.5138
20260520,8.48,62.8895,52.7357,2.2667,0.9453,0.9339,0.4025,0.4025,1.5596,0.78,116222.37,116222.37,42921.6044,985565.6976,985565.6976
20260521,8.12,60.2196,50.497,2.1705,0.9051,0.8942,0.4203,0.4203,1.6435,0.97,116222.37,116222.37,42921.6044,943725.6444,943725.6444
20260522,8.25,61.1837,51.3054,2.2053,0.9196,0.9085,0.4137,0.4137,1.1683,0.75,116222.37,116222.37,42921.6044,958834.5525,958834.5525
20260525,8.28,61.4062,51.492,2.2133,0.923,0.9119,0.4122,0.4122,0.8807,0.63,116222.37,116222.37,42921.6044,962321.2236,962321.2236
20260526,8.12,60.2196,50.497,2.1705,0.9051,0.8942,0.4203,0.4203,1.082,0.83,116222.37,116222.37,42921.6044,943725.6444,943725.6444
20260527,8.03,59.5522,49.9373,2.1465,0.8951,0.8843,0.425,0.425,0.9686,0.76,116222.37,116222.37,42921.6044,933265.6311,933265.6311
20260528,8.08,59.923,50.2482,2.1598,0.9007,0.8898,0.4224,0.4224,1.0134,0.88,116222.37,116222.37,42921.6044,939076.7496,939076.7496
20260529,7.86,58.2914,48.8801,2.101,0.8762,0.8656,0.4342,0.4342,1.08,1.06,116222.37,116222.37,42921.6044,913507.8282,913507.8282
20260601,7.9,58.5881,49.1288,2.1117,0.8806,0.87,0.432,0.432,1.0154,1.01,116222.37,116222.37,42921.6044,918156.723,918156.723
20260602,7.66,56.8082,47.6363,2.0476,0.8539,0.8436,0.4455,0.4455,1.0457,1.01,116222.37,116222.37,42921.6044,890263.3542,890263.3542
20260603,7.58,56.2149,47.1388,2.0262,0.845,0.8348,0.4502,0.4502,1.0484,1.02,116222.37,116222.37,42921.6044,880965.5646,880965.5646
20260604,7.46,55.3249,46.3925,1.9941,0.8316,0.8215,0.4575,0.4575,1.0097,0.97,116222.37,116222.37,42921.6044,867018.8802,867018.8802
20260605,7.43,55.1024,46.206,1.9861,0.8282,0.8182,0.4593,0.4593,0.966,0.93,116222.37,116222.37,42921.6044,863532.2091,863532.2091
20260608,7.11,52.7293,44.2159,1.9005,0.7926,0.783,0.48,0.48,1.2688,1.25,116222.37,116222.37,42921.6044,826341.0507,826341.0507
20260609,7.15,53.0259,44.4647,1.9112,0.797,0.7874,0.4773,0.4773,0.7901,0.74,116222.37,116222.37,42921.6044,830989.9455,830989.9455
20260610,6.91,51.246,42.9722,1.8471,0.7703,0.761,0.4939,0.4939,1.0936,1.08,116222.37,116222.37,42921.6044,803096.5767,803096.5767
20260611,6.85,50.801,42.599,1.831,0.7636,0.7544,0.4982,0.4982,0.8808,0.86,116222.37,116222.37,42921.6044,796123.2345,796123.2345
20260612,6.98,51.7652,43.4075,1.8658,0.7781,0.7687,0.4889,0.4889,1.0337,1.03,116222.37,116222.37,42921.6044,811232.1426,811232.1426
20260615,7.11,52.7293,44.2159,1.9005,0.7926,0.783,0.48,0.48,0.869,0.86,116222.37,116222.37,42921.6044,826341.0507,826341.0507
20260616,7.19,53.3226,44.7134,1.9219,0.8015,0.7918,0.4747,0.4747,1.148,1.23,116222.37,116222.37,42921.6044,835638.8403,835638.8403
20260617,6.98,51.7652,43.4075,1.8658,0.7781,0.7687,0.4889,0.4889,1.1079,1.1,116222.37,116222.37,42921.6044,811232.1426,811232.1426
20260618,6.88,51.0235,42.7856,1.8391,0.7669,0.7577,0.496,0.496,0.8156,0.81,116222.37,116222.37,42921.6044,799609.9056,799609.9056
20260622,6.9,51.1719,42.91,1.8444,0.7692,0.7599,0.4946,0.4946,1.2113,1.22,116222.37,116222.37,42921.6044,801934.353,801934.353
20260623,6.81,50.5044,42.3503,1.8203,0.7591,0.75,0.5011,0.5011,1.013,0.98,116222.37,116222.37,42921.6044,791474.3397,791474.3397
20260624,6.74,49.9853,41.915,1.8016,0.7513,0.7423,0.5064,0.5064,0.7915,0.75,116222.37,116222.37,42921.6044,783338.7738,783338.7738
20260625,6.68,49.5403,41.5418,1.7856,0.7446,0.7356,0.5109,0.5109,0.8956,0.91,116222.37,116222.37,42921.6044,776365.4316,776365.4316
20260626,7.05,52.2843,43.8428,1.8845,0.7859,0.7764,0.4841,0.4841,3.5072,3.71,116222.37,116222.37,42921.6044,819367.7085,819367.7085
20260629,6.55,48.5762,40.7334,1.7508,0.7301,0.7213,0.521,0.7328,4.128,2.78,116222.37,116222.37,42921.6044,761256.5235,761256.5235
20260630,6.36,47.1671,39.5518,1.7001,0.709,0.7004,0.5366,0.7547,2.2535,1.09,116222.37,116222.37,42921.6044,739174.2732,739174.2732
20260701,6.43,47.6862,39.9871,1.7188,0.7168,0.7081,0.5308,0.7465,1.7876,0.77,116222.37,116222.37,42921.6044,747309.8391,747309.8391
20260702,6.31,46.7963,39.2409,1.6867,0.7034,0.6949,0.5409,0.7607,1.582,0.63,116222.37,116222.37,42921.6044,733363.1547,733363.1547
20260703,6.56,48.6503,40.7956,1.7535,0.7313,0.7224,0.5202,0.7317,1.7517,0.66,116222.37,116222.37,42921.6044,762418.7472,762418.7472
